Internet users (per 100 people),1990,1991,1992,1993,1994,1995,1996,1997,1998,1999,2000,2001,2002,2003,2004,2005,2006,2007,2008,2009,2010,2011
Abkhazia,,,,,,,,,,,,,,,,,,,,,,
Afghanistan,0,,,,,,,,,,,0.004188346,0.004092114,0.079875078,0.097163516,1.130397829,1.947423469,1.751202161,1.688485448,3.246305573,3.654114396,4.580669921
Akrotiri and Dhekelia,,,,,,,,,,,,,,,,,,,,,,
Albania,0,,,,,0.011168695,0.032196828,0.048593919,0.06502737,0.081437045,0.114097347,0.325798377,0.390081273,0.971900415,2.420387798,6.043890864,9.609991316,15.03611541,23.86,41.2,45,49
Algeria,0,,,,0.000360674,0.001768954,0.001738533,0.010268463,0.020238555,0.199523843,0.491705679,0.646114017,1.59164126,2.195359731,4.634475088,5.843942092,7.375984956,9.451190626,10.18,11.23,12.5,14
American Samoa,0,,,,,,,,,,,,,,,,,,,,,
Andorra,0,,,,,,1.526601023,3.050175385,6.886209218,7.635686143,10.53883561,,11.26046872,13.54641288,26.83795439,37.60576622,48.936847,70.87,70.04,78.53,81,81
Angola,0,,,,,,0.000775929,0.005673746,0.018453724,0.071964087,0.105045562,0.136013867,0.270376746,0.370682065,0.464814618,1.143366827,1.907647507,3.2,4.6,6,10,14.776
Anguilla,,,,,,,,,,,,,,,,,,,,,,
Antigua and Barbuda,0,,,,,2.200768802,2.858449577,3.480536838,4.0717165,5.300681138,6.482225737,8.899285515,12.5,17.22864878,24.26654372,34.7164029,62.63886919,70.06,75.03,74.2,80,82
Argentina,0,,0.002992874,0.029527065,0.043705951,0.086277081,0.141954704,0.280339882,0.83076668,3.284481956,7.038683086,9.780807285,10.88212438,11.91369655,16.03668411,17.72058337,20.9272021,25.94663294,28.11262348,34,40,47.704
Armenia,0,,,,0.009117014,0.052743123,0.094572902,0.111650935,0.128659478,0.970737757,1.300470022,1.631094667,1.960405046,4.575217225,4.899008571,5.252983352,5.631787777,6.021253397,6.21,15.3,,
Aruba,0,,,,,,2.768382663,,,4.506179098,15.44282295,17.1,18.8,20.8,23,25.4,28,30.9,34.2,37.7,42,57.06835805
Australia,0.586159397,1.099529387,1.772249769,1.981363276,2.240454351,2.766742391,3.276794752,16.37656577,30.85256168,40.83096345,46.78382556,52.60563888,,,,63.02693628,66.1479411,69.60650927,71.7210626,74.08290816,75.89293106,78.94807512
Austria,0.130244795,0.257901755,0.637697351,0.758952509,1.3860681,1.887201228,6.910418483,9.538176519,15.41992017,23.02231748,33.70127638,39.16687163,36.56498507,42.76736164,54.37024785,58.03078406,63.63512805,69.44517156,72.91265428,73.48831743,75.204701,79.74719494
Azerbaijan,0,,,,0.00144512,0.0020769,0.006421961,0.025430364,0.037781882,0.099932031,0.14889804,0.308588338,5.065974361,,,8.217982517,12.29912693,14.94616369,17.43121254,27.76553063,46.67798994,50.75274324
Bahamas,0,,,,,0.960030721,1.746950698,1.362953903,2.33559071,3.764557822,8,11.8,18,20,22,25,26,27,31.54,33.88,43,65
Bahrain,0,,,,,0.346205844,0.843254219,1.646299202,3.218202151,4.720358118,6.153732546,15.03863425,18.05072089,21.55494499,21.45868051,21.30373351,28.24395243,32.91,51.95,53,55,77
Bangladesh,0,,,,,,,0.000751046,0.003684813,0.036170407,0.071039423,0.129807974,0.139920289,0.163877665,0.199036334,0.241637326,1,1.8,2.5,3.1,3.7,5
Barbados,0,,,,,0.007752238,0.389464214,0.783428912,1.970249237,2.376247035,3.973678355,11.93645034,27.83632242,39.68962712,49.8,56.07085461,63,64.7,66.5,68.7,70.2,71.7657
Belarus,0,,,,0.000489093,0.002944246,0.029541545,0.049444292,0.07451749,0.498457508,1.870217979,4.317675693,8.985587449,,,,16.27377679,19.75325619,23.18848886,27.80224244,32.15325477,39.96134948
Belgium,0.001004885,0.020016144,0.0996358,0.198409894,0.691998962,0.986092865,2.951330322,4.905171024,7.82914849,13.66710496,29.2147391,31.05933918,45.97685699,49.61832185,53.52848187,55.47689608,59.30688973,63.91273662,65.33564762,69.12111739,73.73538942,76.20061483
Belize,0,,,,,0.046196296,0.900316339,1.302286094,2.091139304,4.099731973,5.980833905,,5.629959327,,5.634835698,8.86772773,9.906384783,10.21934716,10.50720419,10.75125612,12.65673919,
Benin,0,,,,,,0.0016931,0.024648796,0.047877304,0.154906741,0.225247851,0.36341789,0.702945595,0.951327115,1.182540965,1.271031439,1.537854346,1.79,1.85,2.24,3.13,3.5
Bermuda,0,,,,,6.805468842,16.17651061,24.22442691,32.24615506,40.30518411,43.45751214,47.97491488,52.5187722,57.10966168,61.5737971,65.992458,70.47813507,74.9337815,82.88584268,83.76966615,85.13289241,88.85072445
Bhutan,0,,,,,,,,,0.137571514,0.400944447,0.864628564,1.675802584,2.436912399,3.156984196,3.847106745,4.518317258,5.92,6.55,7.17,13.6,21
Bolivia,0,,,,,0.066807568,0.196081174,0.447839036,0.626484062,0.981815187,1.442763585,2.120462534,3.117192947,3.508596401,4.439924601,5.227583957,6.200671255,10.49924432,12.5,16.8,22.4,30
Bosnia and Herzegovina,0,,,,,,0.015125563,0.059425563,0.14367106,0.1943742,1.08296075,1.200526951,2.648267914,3.965036834,15.46897162,21.326701,25.12238569,27.92,34.66,37.74,52,60
Botswana,0,0,,,,0.064521041,0.15745423,0.30774685,0.602400929,1.122391474,2.902666622,3.430886787,3.385922351,3.345190174,3.304889253,3.262554036,4.289932975,5.28,6.25,6.15,6,7
Brazil,0,0.003288171,0.012946262,0.025498253,0.037672709,0.105138168,0.450789179,0.786079155,1.477874959,2.038732184,2.870685159,4.528494869,9.149425086,13.2075861,19.07367227,21.02274725,28.17838018,30.88,33.83,39.22,40.65,45
British Virgin Islands,,,,,,,,,,,,,,,,,,,,,,
Brunei,0,,,,,1.017080166,3.303349927,4.831057905,6.284742844,7.671041206,8.996284534,12.91776908,15.32987986,19.59500322,29.71560414,36.46639195,42.18634916,44.68,46,49,53,56
Bulgaria,0,,,0.002360627,0.019541423,0.118961698,0.717462121,1.203074592,1.816698459,2.857297783,5.263103629,7.543465824,9.10792384,12.06548488,18.14868416,19.96797459,27.05657302,33.55444373,39.50310114,44.74811707,45.98482596,50.79626605
Burkina Faso,0,,,,,,0.000960519,0.018686353,0.045423484,0.061780293,0.077080169,0.157732465,0.200992598,0.373440303,0.400295285,0.469914489,0.632707564,0.75,0.92,1.13,2.4,3
Burundi,0,0,0,0,0,0,0.000803592,0.007979439,0.015842776,0.039204469,0.077248447,0.106001245,0.118228412,0.201273197,0.349060462,0.542142866,0.65759259,0.7,0.81,0.9,1,1.11
Cambodia,0,,,,,,,0.005844911,0.016324986,0.031969578,0.04702264,0.076956056,0.226983238,0.260570198,0.300436644,0.317321781,0.46835672,0.49,0.51,0.53,1.26,3.1
Cameroon,0,,,,,,,0.006768744,0.013216341,0.129067581,0.252120078,0.277051322,0.360871584,0.587622611,0.976075415,1.402654226,2.028744791,2.93,3.4,3.84,4.3,5
Canada,0.359828722,0.567957184,0.911695417,1.17926229,2.370288127,4.156162704,6.739808038,15.00351866,24.7871626,36.04954849,51.12938457,59.97791664,61.43564737,64.06331861,65.85001545,71.59660113,72.51535612,73.30581298,76.72038636,80.17086651,80.04213592,82.67934446
Cape Verde,0,,,,,,,0.24096792,0.472735008,1.159982461,1.822443852,2.685332713,3.518757175,4.324885391,5.31883207,6.074087107,6.808911008,8.28321982,20,25,30,32
Cayman Islands,0,,,0,0,3.948967193,,,,,,,,,,38.03438308,44.5,52,61,64.5,66,69.46594499
Central African Republic,0,,,,,,0.005849503,0.014270881,0.027878201,0.040894287,0.053394174,0.078543428,0.128537117,0.151563338,0.223401395,0.268195609,0.311159173,0.375815961,1,1.8,2,2.2
Chad,0,,,,,,,0.000658168,0.004268504,0.012321728,0.035707076,0.045934134,0.166069665,0.320308555,0.360920107,0.3992577,0.581045764,0.847224521,1.19,1.5,1.7,1.9
Channel Islands,,,,,,,,,,,,,,,,,,,,,,
Chile,0,,0.036548938,0.071783144,0.141084507,0.346980781,0.68347561,1.057092496,1.662322022,4.103419297,16.6,19.1,22.1,25.47377889,28.17791012,31.17534703,34.49775117,35.9,37.3,38.8,45,53.8938
China,0,,,0.000170147,0.001177609,0.004992261,0.013173925,0.032599617,0.169501808,0.711999281,1.78501572,2.652214163,4.615566607,6.224044749,7.325216965,8.548580494,10.55173889,16.04366918,22.66176993,28.97659939,34.38999549,38.39788704
Christmas Island,,,,,,,,,,,,,,,,,,,,,,
Cocos Island,,,,,,,,,,,,,,,,,,,,,,
Colombia,0,,,,0.107173945,0.18804679,0.330017773,0.550521023,1.126225245,1.697730794,2.207532993,2.854199971,4.6,7.388923711,9.118690303,11.00726389,15.34167454,21.8,25.6,30,36.5,40.4
Comoros,0,,,,,,,0,0.03787097,0.148162964,0.271740607,0.443068373,0.554869675,0.84818937,1.327327178,2,2.2,2.5,3,3.5,5.1,5.5
"Congo, Dem. Rep.",0,,,,,,0.000108207,0.000211213,0.000413065,0.001009076,0.005902114,0.011475782,0.092790702,0.134914837,0.196208375,0.238037799,0.29605361,0.37,0.44,0.56,0.72,1.2
"Congo, Rep.",0,,,,,,0.00352686,0.003469104,0.003415143,0.016791049,0.026354732,0.032223616,0.157249517,0.460014187,1.07750493,1.46342006,2.007990079,2.759704374,4.287509903,4.5,5,5.6
Cook Is,,,,,,,,,,,,,,,,,,,,,,
Costa Rica,0,,0.001113325,0.081509754,0.279912479,0.416829206,0.84105704,1.640221288,2.666378698,3.904323257,5.800253023,9.559482135,19.89485113,20.33361481,20.79230671,22.07,25.1,28.4,32.29,34.33,36.5,42.12
Cote d'Ivoire,0,,,,,0.000200256,0.00840978,0.018828361,0.060974439,0.118685917,0.231461671,0.395747702,0.497929361,0.758669629,0.849282415,1.039238205,1.524900791,1.8,1.9,2,2.1,2.2
Croatia,0,,,0.096982256,0.268815993,0.5140287,0.890081964,1.749807002,3.332664752,4.391856703,6.76428775,11.66692179,17.864052,22.8349897,30.98326763,33.13989555,37.92688788,41.3465358,50.42182729,56.03958394,60.11970702,70.52644602
Cuba,0,,,,,9.1658E-05,0.031949001,0.068220214,0.226699199,0.314690541,0.541182549,1.079751722,3.770585038,5.241269054,8.407984759,9.738062208,11.15960131,11.69,12.94,14.33,15.9,23.23
Cyprus,0,,0.05006043,0.056367482,0.111034621,0.410120685,0.673343541,4.378272095,8.890539159,11.34239866,15.25539437,18.81875904,28.32,30.09,33.83,32.81,35.83,40.77,42.31,49.81,52.99,57.68
Czech Republic,0,,,0.580760599,1.257874245,1.452461652,1.93939533,2.913393387,3.889977266,6.817171538,9.752504965,14.68168024,23.94089704,34.27299983,35.4501312,35.21765921,47.88174858,51.82630744,62.68622733,64.13852478,68.64446628,72.8889968
Czechoslovakia,,,,,,,,,,,,,,,,,,,,,,
Denmark,0.097279065,0.194084375,0.386964079,0.578635602,1.345828887,3.825649841,5.706451857,11.36602703,22.64921525,30.58450445,39.17158719,42.9356563,64.18517551,76.17388772,80.86646322,82.74018321,86.73560981,85.14975798,85.0771224,86.86797134,88.75932497,89.97729817
Djibouti,0,,,,,0.01603083,0.031166241,0.082941498,0.094696004,0.105761909,0.194500528,0.343526263,0.486971705,0.625940229,0.781317175,0.953611449,1.270041159,1.62,2.26,4,6.5,7
Dominica,0,,,,,0.548762737,1.165518146,,2.925345191,2.932164377,8.814844198,13.24522804,18.42489277,23.62041985,30.31961309,38.54364326,39.3981743,40.27446301,41.16,42.02,47.45,51.3135
Dominican Republic,0,,,,,0.017233601,0.074987053,0.142687565,0.233914189,1.104743874,3.704692356,4.429390697,6.823725733,7.898392937,8.865553461,11.48319778,14.84492837,17.66,20.82,27.72,31.4,35.5
East Germany,,,,,,,,,,,,,,,,,,,,,,
Ecuador,0,,0.005118035,0.016400751,0.034833586,0.043833641,0.086161276,0.110217959,0.125272771,0.823371634,1.462188536,2.670443674,4.260796915,4.460228345,4.834442638,5.994255161,7.2,10.8,18.8,24.6,29.03,31.4
Egypt,0,,,0.000975791,0.00638327,0.031319638,0.061466899,0.090480245,0.147987377,0.290445278,0.641265038,0.838945611,2.719999715,4.037885107,5.150666232,11.69839821,12.55279997,16.05,18.01,24.28,30.2,35.62
El Salvador,0,,,,,,0.086389581,0.256960679,0.425253672,0.845428741,1.177397269,1.5,1.9,2.5,3.2,4.2,5.5,6.11,10.08,12.11,15.9,17.68859598
Equatorial Guinea,0,,,,,,,0.041462292,0.094423774,0.097415945,0.132354665,0.165260423,0.321197997,0.520524272,0.843930285,1.149789671,1.279193596,1.557123059,1.82,2.13,6,
Eritrea,0,,,0,0,0,0,0.009017718,0.008774236,0.025495028,0.136711941,0.157815289,0.227090138,0.725623232,1.161025669,1.788460051,2.159383211,2.509846441,4.06,4.93,5.4,6.2
Eritrea and Ethiopia,,,,,,,,,,,,,,,,,,,,,,
Estonia,0,,0.065252816,0.301362566,1.163320929,2.786852943,3.535403123,5.7211708,10.82919814,14.54630827,28.60270304,31.49795227,41.45888024,45.26636159,53.16684093,61.43904388,63.53320976,66.24925009,70.65738833,72.57345902,74.15413074,76.53065709
Ethiopia,0,,,,,1.75491E-05,0.001703448,0.00496672,0.009663517,0.012541599,0.015263767,0.037162381,0.072402262,0.105811659,0.155334521,0.219659819,0.310592657,0.37,0.45,0.54,0.75,1.1
Faeroe Islands,0,,,,,0,2.318786811,4.601297566,11.33786848,22.29753835,32.91639236,43.24698352,53.29922183,58.91264097,66.53359947,67.90263174,69.35944512,75.98,75.57,75.18,75.2,80.7321728
Falkland Is (Malvinas),,,,,,,,,,,,,,,,,,,,,,
Fiji,0,,,0.006678447,0.007907399,0.009115343,0.064437142,0.223454842,0.633167865,0.942462063,1.496854734,1.857978594,6.1526497,6.725434738,7.412943485,8.453636634,9.6000384,10.89783105,13,17,20,28
Finland,0.401088474,1.396162786,1.884175563,2.565899705,4.913200453,13.90033654,16.78205302,19.45649457,25.44030613,32.27334121,37.22803204,43.08186648,62.39046955,69.18787978,72.36085388,74.45509807,79.65497801,80.80613384,83.71621739,82.53133098,86.90934362,89.33300444
France,0.051358396,0.136292982,0.271338368,0.574086886,0.874351842,1.590891489,2.508799722,4.129441202,6.130810476,8.862278766,13.87027699,25.48284606,29.18942498,34.94483263,37.8355608,41.39108117,45.22005544,63.74893924,68.18519055,69.0633593,77.28357938,76.76991667
French Guiana,,,,,,,,,,,,,,,,,,,,,,
French Polynesia,0,,,,,,0.090971944,0.21438525,1.316164696,3.448900232,6.357063545,6.251588946,8.200216486,14.12429379,17.88453743,21.54218547,25.10796425,28.59,33.87,44.6,49,49
Gabon,0,,,,,,0,0.047999009,0.17012488,0.249009564,1.216140618,1.347620222,1.939530106,2.659586594,2.9790698,4.89326475,5.489200803,5.767004576,6.21,6.7,7.23,8
Gambia,0,,,,,0.009217541,0.03550736,0.051311347,0.206094461,0.715827015,0.921794919,1.336791166,1.796779883,2.436781193,3.308003478,3.799001139,5.237691158,6.205037419,6.88,7.63,9.2,10.8703
Georgia,0,,,,,0.012675191,0.043330957,0.066214059,0.111456401,0.449318164,0.520673566,1.059972221,1.685923032,2.701259964,4.067386062,6.240889728,7.603591773,8.311866867,10.03356073,19.90086925,26.29252686,35.28069339
Germany,0.12536139,0.249141881,0.433440951,0.462319739,0.923185,1.843393972,3.065452305,6.734913847,9.914364049,20.90725137,30.26689089,31.66413443,48.78657938,55.86609122,64.73634072,68.76941828,72.29988238,75.38833586,78.34689488,79.48523153,82.52696855,83.44331664
Ghana,0,,,,,0.000347918,0.005648763,0.027537542,0.032240443,0.104895466,0.153615298,0.20000806,0.830284034,1.193057911,1.716797704,1.831197461,2.723175973,3.85,4.27,5.44,9.55,14.11
Gibraltar,,,,,,,,,,,,,,,,,,,,,,
Greece,0,0.04874523,0.048204812,0.191039732,0.378930408,0.752254491,1.401285071,1.857940148,3.236607539,6.912069848,9.196931697,11.0173514,14.78454371,17.94138254,21.58567933,24.17107186,32.45492427,36.08180804,38.3859944,42.56473331,44.57201236,53.40336545
Greenland,0,,,,0.064864865,0.053763441,1.788908766,7.917857143,14.59358289,21.57257759,31.7455516,35.49245785,44.16180899,54.6101553,56.22715997,57.96184602,59.89075011,61.89175351,63.92298573,63.924335,63.85028214,64.62258565
Grenada,0,0,0,0,0,0,0.298032982,0.990883868,1.484854484,2.473166147,4.063907991,5.128103982,14.75884055,18.64518218,19.57062058,20.48780488,21.39599117,22.29,23.18,24.05,33.46,
Guadeloupe,,,,,,,,,,,,,,,,,,,,,,
Guam,0,,,,0.34845391,0.659530909,1.356106888,2.344571647,4.50128419,8.497176323,16.11312704,25.38022753,31.19229426,33.71668179,36.16178784,38.55987756,43.851443,46.15047362,48.41870215,50.64202838,,
Guatemala,0,,,,,0.002998005,0.019534871,0.095476021,0.466590444,0.592652945,0.712332905,1.738201782,3.39174627,4.548854908,5.1,5.7,6.5,7.3,8.3,9.3,10.5,11.7274
Guernsey,,,,,,,,,,,,,,,,,,,,,,
Guinea,0,,,,0.000138318,0.000668589,0.001948942,0.003803109,0.006203369,0.060808919,0.095424924,0.175541868,0.402022749,0.450960371,0.508819332,0.542254181,0.637492123,0.780025279,0.92,0.94,1,1.3
Guinea-Bissau,0,,,,,,,0.016389063,0.024060421,0.117702448,0.230103171,0.299569145,1.022993234,1.354197478,1.808142203,1.901365316,2.057196705,2.206302237,2.354888711,2.303280592,2.45,2.672
Guyana,0,,,,,,0.065854115,0.131828033,0.26408811,3.966354735,6.611491566,13.2069865,,,,,,,18.2,23.9,29.9,32
Haiti,0,,,,,,0.007484253,,0.023999477,0.070658478,0.231270715,0.340832326,0.893432988,1.647358346,5.401261908,6.376201635,6.796000481,7.2,7.6,8.1,8.37,
Holy See,,,,,,,,,,,,,,,,,,,,,,
Honduras,0,,,,,0.036775252,0.043711246,0.170996468,0.301247214,0.573575476,1.203855999,1.415281931,2.597402597,4.8,5.6,6.5,7.8,9.4,9.6,9.8,11.09,15.9
"Hong Kong, China",0,0.123164858,0.866167528,1.35102205,2.79002186,3.212474534,4.625447085,10.39687705,14.59079321,21.50748906,28.32175875,39.33127008,43.67434817,52.9091428,56.60151818,56.87209785,60.58621446,64.30299947,66.20931619,69.24419013,71.85115708,75.03293901
Hungary,0,0.003378532,0.048275799,0.193241867,0.483537589,0.677645965,0.969498501,1.942611452,3.894040868,5.857778952,6.999384325,14.52440006,16.67109125,21.6405934,27.74891169,38.96950163,47.02684287,53.22999187,55.9090561,47.90228692,52.9131968,58.97110059
Iceland,0,0.504270782,1.532226528,2.654280027,6.766408647,11.21629503,14.87271634,27.65197484,36.47077117,41.44671501,44.47132454,49.22382703,78.91636829,83.19829429,84.14708437,87.00263873,88.69322442,88.90033765,89.06540354,92.13686385,95.6257841,96.6183615
India,0,,0.000111308,0.000218176,0.001069562,0.026228879,0.046333977,0.070767849,0.139027329,0.273224277,0.52753245,0.660146377,1.537875582,1.686489971,1.976136492,2.388075,2.805499865,3.95,4.38,5.12,7.5,10.07
Indonesia,0,,,,0.001059744,0.026109477,0.056623989,0.194910264,0.255306646,0.444415936,0.925563864,2.018613859,2.134135733,2.38701978,2.600285876,3.602024763,4.764813134,5.786274729,7.917479385,6.92,10.92,18
Iran,0,,,,0.000408332,0.004179752,0.01582608,0.046756094,0.099815221,0.378569095,0.93419002,1.484221332,4.626175115,6.933721953,7.49,8.1,8.76,9.47,10.24,11.07,16,21
Iraq,0,,,,,,,,,,,0.098453235,0.493260395,0.592695286,0.890325617,0.892206863,0.942567049,0.919458819,0.988165135,1.047516616,2.471962007,4.954945487
Ireland,0,0.056850538,0.169251102,0.280330583,0.557801642,1.109036524,2.199874404,4.083458214,8.082906648,10.92262373,17.84392784,23.13628061,25.87520606,34.43006076,37.13008038,41.59127511,54.38362398,59.63731624,64.26494271,66.6733848,69.78043656,77.48431238
Isle of Man,,,,,,,,,,,,,,,,,,,,,,
Israel,0.106969259,0.201324431,0.291458419,0.377998025,0.551889953,0.894695903,2.090186749,4.244706374,9.951673681,12.92580374,19.9642019,16.54818798,16.87662057,18.60461806,21.6409437,24.01060117,26.70097182,46.3858372,57.63095479,61.22570013,65.68314182,68.16559743
Italy,0.017579544,0.035123511,0.070174388,0.122689814,0.192716666,0.525554305,1.024694733,2.276654913,4.554096002,14.36763832,23.12882205,27.32818331,28.20751226,29.17090839,33.29055081,35.03831801,38.0806226,40.87240673,44.57413393,48.87539307,53.73987452,56.81747275
Jamaica,0,,,,0.036507825,0.108671947,0.585198539,0.789863231,1.96074827,2.34078518,3.106463921,3.862326887,6.119745568,7.86110302,10.10157689,12.9509351,16.60466284,21.36212953,23.89053855,24.61708273,28.06679822,31.9880041
Japan,0.020082459,0.040040587,0.095859763,0.398433646,0.794159301,1.58225972,4.340087015,9.090448285,13.2989712,21.20239483,29.71896567,38.15162324,46.08358834,47.85357434,61.680143,66.19826223,67.99107845,73.57005113,74.71545815,77.38468963,77.64879296,78.70865201
Jersey,,,,,,,,,,,,,,,,,,,,,,
Jordan,0,,,,,0.024269643,0.04686114,0.61917912,1.329923948,2.565298237,2.639458529,4.698596169,5.97813666,8.355819076,11.48324095,12.76675995,13.76221514,20.01922642,23.2462236,26.48611868,27.83075482,35.74225823
Kazakhstan,0,,,,0.000521886,0.011381126,0.032099592,0.065232805,0.132755785,0.469064975,0.671876725,1.008787489,1.679586134,2.007130604,2.657545946,2.966551957,3.269276025,4.017897341,10.98690864,17.91457965,31.02519714,44.04418008
Kenya,0,,,,,0.000727482,0.008839115,0.034406051,0.050261388,0.114256028,0.318059714,0.619782266,1.207773885,2.941902861,3.023528042,3.101897702,7.53378972,7.95,8.67,10.04,14,28
Kiribati,0,,,,,,,,0.616545618,1.211577838,1.785225474,2.337458948,2.5,3,3.5,4,4.5,6,7,8.97,9.07,10
North Korea,0,,,,,,,0,0,0,0,0,0,0,0,0,0,0,0,0,,
South Korea,0.02332553,0.046235883,0.098553721,0.249953609,0.310748735,0.811854684,1.603709081,3.543897083,6.66580682,23.11365892,43.72972245,55.22979404,57.90179958,63.81092007,70.87141317,71.82980724,76.31708317,77.0185927,78.9893569,79.57903535,81.6224647,81.46396158
United Korea (former),,,,,,,,,,,,,,,,,,,,,,
Kosovo,,,,,,,,,,,,,,,,,,,,,,
Kuwait,0,,,,,0.202898433,0.855662317,2.174535859,3.052397455,4.756222209,6.731395768,8.551792434,10.24896793,22.40293838,22.92711204,25.92610837,28.79119795,34.8,42,50.8,61.4,74.2
Kyrgyz Republic,0,,,,,,,,0.073646034,0.207183966,1.05340243,3.0289586,3.006471421,3.881677021,5.004293407,10.28850574,11.98929144,13.68596887,15.3617299,16.64503149,18.01606182,19.58445615
Lao,0,,,,,,,,0.009657814,0.037780708,0.111044032,0.181664461,0.267899241,0.333912466,0.36143449,0.85035749,1.169893428,1.64,3.55,6,7,9
Latvia,0,,,,,,0.814501448,2.058639728,3.328748952,4.409378385,6.350982469,7.25702418,22.04991465,27.08306585,38.68692484,46.10029767,53.7502952,59.31539687,63.55282048,67.03404295,68.81884531,72.42721557
Lebanon,0,,,,,0.071617991,0.140166939,1.241079739,2.722352199,5.376809498,7.952743736,6.783219775,7,8,9,10.14,15,18.74,22.53,30.14,43.68,52
Lesotho,0,,,,,,0.00284594,0.005584433,0.010956533,0.05380446,0.21180607,0.261150063,1.083943137,1.53249659,2.175524339,2.580245484,2.979708187,3.44543126,3.58,3.72,3.86,4.2248
Liberia,0,,,,,,,0.004489443,0.004099387,0.011328732,0.017702706,0.033812227,0.032713307,0.031868935,0.031011185,,,0.551376581,0.53,0.51,2.3,3
Libya,0,,,,,,,,,0.133617289,0.187042622,0.366533175,2.244418222,2.814517987,3.532838162,3.917787977,4.301051789,4.721999379,9,10.8,14,16.9981
Liechtenstein,0,,,,,,,,,,36.51522989,45.11685265,59.47071067,58.80969184,64.00744814,63.37135615,64.21416136,65.08021844,70,75,80,85
Lithuania,0,,,,,,0.277608544,0.978967042,1.972333219,2.922635016,6.427971077,7.175913006,17.65599754,25.85723045,31.19790272,36.2353184,43.9493184,49.95062999,55.24769127,59.78936591,62.81533985,67.17191353
Luxembourg,0,,0.152653068,0.30116992,0.495104818,1.586647487,5.540287981,7.141086355,11.75982428,17.39502648,22.84488963,35.99830058,39.5459604,53.91104887,64.84353996,68.80197696,71.42826495,78.21645082,81.91548476,87.28439193,90.70848335,90.70382493
"Macao, China",0,,,,0.036993376,0.280014086,0.727273598,2.364127672,7.003324245,9.212005085,13.60858974,22.52121677,25.17188016,25.74212398,31.48409738,34.86292717,46.4,47.327,49.24,54,53.8,58
"Macedonia, FYR",0,,,,,0.04074384,0.075995734,0.503985009,1.002861666,1.49733026,2.485566316,3.468184608,17.33,19.07,24.44,26.45,28.62,36.3,46.04,51.77,51.9,56.7
Madagascar,0,,,,,,0.003695196,0.014333647,0.062561023,0.168608781,0.196394691,0.222511586,0.339720155,0.423252419,0.525353655,0.567721802,0.607552239,0.65,1.65,1.63,1.7,1.9
Malawi,0,,,,,,,0.004668518,0.018057365,0.087278755,0.126780945,0.164020725,0.215094727,0.278815116,0.347505335,0.384489334,0.42513749,0.965864737,0.7,1.07,2.26,3.33
Malaysia,0,,0.001047822,0.025538478,0.099607417,0.145673837,0.852044466,2.307393234,6.751770483,12.3055022,21.38473116,26.6959725,32.33820434,34.97115234,42.25226563,48.62917025,51.63798899,55.7,55.8,55.9,56.3,61
Maldives,0,0,0,0,0,0,0.22693009,0.309444238,0.569627464,1.119908615,2.203872939,3.617290649,5.347765169,5.97659285,6.588254875,6.869605067,11.03635278,16.3,23.2,24.8,28.3,34
Mali,0,,,,,,0.002055228,0.010085919,0.019793888,0.060909873,0.142545755,0.185897413,0.227045578,0.310364443,0.43281964,0.507063136,0.729627281,0.81,1.57,1.8,1.9,2
Malta,0,,,,,0.234800726,1.098335764,4.090526998,6.774804104,8.08664803,13.66585147,18.18343313,29.37830103,32.13256163,35.13032552,41.7973732,40.87494449,47.30794573,50.32265003,59.03473554,63.07875095,69.03084272
Marshall Islands,0,0,0,0,0,0,0.037059432,,,0.966071567,1.534271796,1.706614078,2.335444575,2.569750367,3.599776814,3.878702398,3.795590214,3.71082549,3.626772173,3.546042133,,
Martinique,,,,,,,,,,,,,,,,,,,,,,
Mauritania,0,,,,,,,0.004172527,0.040594795,0.118464464,0.192031462,0.261448552,0.363229415,0.424004896,0.481470438,0.669966475,0.979661253,1.433613196,1.87,2.28,4,4.5
Mauritius,0,,,,,,0.186435279,0.481471192,2.594084678,4.688642667,7.337695439,8.842361807,10.3436041,12.29457462,13.82541499,15.33684383,16.88645053,20.46459981,22.07277253,22.80265796,28.73358822,35.50825383
Mayotte,,,,,,,,,,,,,,,,,,,,,,
Mexico,0,0.005880695,0.01730781,0.028305042,0.043339167,0.10256419,0.20040628,0.62731154,1.265783278,1.857436221,5.081384153,7.038023117,11.9,12.9,14.1,17.21,19.52,20.81,21.71,26.34,31.05,36.15
"Micronesia, Fed. Sts.",0,,,,,,0.278037795,0.570676845,1.858718785,2.797594069,3.734862137,4.660527199,5.570099705,9.2325021,11.01786731,11.8813691,12.75033925,13.62113273,14.49,15.35,20,
Moldova,0,,,,0.00097444,0.004081523,0.005454152,0.032807508,0.301412074,0.686360664,1.447502179,1.655275796,4.148664062,7.988892868,11.28997062,15.32896378,20.32897349,20.99105623,23.81554111,27.78729362,32.3981406,37.84906772
Monaco,0,,,,,,,,,,42.18486345,46.64614236,48.04711717,49.49116892,52.49019668,55.46482606,61.47603971,64.3776824,67.25,70.1,75,
Mongolia,0,,,,,0.008811225,0.018160749,0.112742554,0.145810542,0.50847156,1.255652004,1.653238239,2.039572603,,,,,,12.49,12.6,12.9,20
Montenegro,,,,,,,,,,,,,,,25.3500686,27.1,28.9,30.8,32.9,35.1,37.5,40
Montserrat,,,,,,,,,,,,,,,,,,,,,,
Morocco,0,,,,,0.003710492,0.005675444,0.021635203,0.142300767,0.175595345,0.693791245,1.371438101,2.373253192,3.353366681,11.60793477,15.08444452,19.77119157,21.5,33.1,41.3,49,51
Mozambique,0,,,,,,0.003042979,0.011842611,0.020197055,0.056250629,0.10959253,0.160031947,0.259612611,0.419538844,0.679447835,0.854357118,0.842954488,0.91,1.56,2.68,4.17,4.3
Myanmar,0,,,,,,,,,0.000151709,,0.000289277,0.000426494,0.024064149,0.024337392,0.065238856,0.182048331,0.217128445,0.22,0.22,0.25,0.98
Namibia,0,,,,,0.006172051,0.009032145,0.058750679,0.286745093,0.336217708,1.644739547,2.416979442,2.633699769,3.359839886,3.804715615,4.010046644,4.398870647,4.835610778,5.329003772,6.5,11.6,12
Nauru,,,,,,,,,,,,,,,,,,,,,,
Nepal,0,0,0,0,0,0.000924878,0.004510473,0.021998858,0.064393596,0.146668869,0.204651684,0.240015303,0.31295606,0.382810917,0.449843651,0.826551266,1.141389164,1.41,1.73,1.97,7.93,9
Netherlands,0.333049731,0.528847182,1.312926711,1.95708452,3.24402663,6.457731209,9.640758661,14.06115677,22.22045548,39.08543615,43.81121466,49.08772556,60.89910706,64.00260372,68.28143505,80.92847424,83.86312848,86.14368812,87.72655698,89.78659127,90.70686325,92.12721944
Netherlands Antilles,,,,,,,,,,,,,,,,,,,,,,
New Caledonia,0,,,,,0.005118796,0.250564546,0.97854581,1.923841033,5.6520958,13.8568516,18.11878726,22.21299596,26.14639786,29.92799253,31.90164011,33.02617462,34.5476745,34.35809009,34.17269729,42.65805668,51.16787149
New Zealand,0,,0.28362769,0.629860239,3.171713375,4.886447956,8.01031358,14.48888804,31.3747952,41.30261761,47.38363411,53.60226666,59.28242237,60.86518933,61.72098203,62.72350473,69.00499618,69.82864966,72.18032333,79.82609287,83.00638491,86.18173386
Ngorno-Karabakh,,,,,,,,,,,,,,,,,,,,,,
Nicaragua,0,,,,0.013166228,0.030046478,0.084093291,0.206216818,0.303808975,0.497901643,0.980216487,1.448799428,1.714729584,1.880412532,2.320664609,2.566351177,2.805573063,3.9,5.3,7.3,10,10.6
Niger,0,,,,,,0.001039305,0.002008766,0.002911503,0.028136022,0.036261294,0.105185431,0.127152469,0.155698704,0.189933734,0.221341351,0.294033977,0.39039062,0.7,0.76,0.83,1.3
Nigeria,0,,,,,,0.00883298,0.017237401,0.025231461,0.041038723,0.064080808,0.08990137,0.320461976,0.558576245,1.286137641,3.549155718,5.545036083,6.77,15.86,20,24,28.43
Niue,,,,,,,,,,,,,,,,,,,,,,
Norfolk Island,,,,,,,,,,,,,,,,,,,,,,
Northern Cyprus,,,,,,,,,,,,,,,,,,,,,,
Northern Mariana Islands,0,,,,,,,,,,,,,,,,,,,,,
Norway,0.707301449,1.407791446,2.215962001,2.78229798,4.149882188,6.423090825,18.26615204,20.45002513,22.59974007,40.03362683,51.99874949,64.00286414,72.79891056,78.02396917,77.60770654,81.99012414,82.69391016,87.16744835,90.77413434,92.18060916,93.27270026,93.454759
Oman,0,,,,,,0,0.439792805,0.862725306,2.515665987,3.520421417,5.893841521,6.873396039,7.255742945,6.75885217,6.68358142,8.299716673,16.68,20,51.5,62,68
Pakistan,0,,,,,0.000122702,0.00299173,0.027549238,0.043947719,0.055357238,,1.318550779,2.577426737,5.041158126,6.164320985,6.332329098,6.5,6.8,7,7.5,8,9
Palau,0,,,,,,,,,,,,20.24393947,21.60152718,26.97033263,,,,,,,
Panama,0,,,,0.007636899,0.056123043,0.219998526,0.539065541,2.750648071,3.836864509,6.554796477,7.268399878,8.518077815,9.987424077,11.14086254,11.48400928,17.34956617,22.29,33.82,39.08,40.1,42.7
Papua New Guinea,0,,,,,,0.002067023,0.100588321,0.234958542,0.667113315,0.835249302,0.904103545,1.321656935,1.374404668,1.507912772,1.716190476,1.754487261,1.790559361,1.15,1.61,1.28,2
Paraguay,0,,,,,,0.020359612,0.099576719,0.194904951,0.38165732,0.747630712,1.098793836,1.794969598,2.111942082,3.452438431,7.907007861,7.962073884,11.21,14.27,18.9,19.8,23.9
Peru,0,,,,0.008504578,0.033412305,0.24623258,0.403429701,1.19038044,1.952497608,3.076430611,7.578762957,8.96694917,11.6,14.1,17.1,20.7,25.2,30.57,31.4,34.77,36.5
Philippines,0,,,,0.005844253,0.028585702,0.055946029,0.136912963,1.103405994,1.431608803,1.982253196,2.52400566,4.332275746,4.857672267,5.243628452,5.397636329,5.740586325,5.97,6.22,9,25,29
Pitcairn,,,,,,,,,,,,,,,,,,,,,,
Poland,0,0.00521778,0.051969631,0.129471345,0.387300057,0.644341626,1.287640924,2.059487886,4.070753241,5.410683316,7.256761026,9.905519079,21.15007358,24.86582143,32.52396126,38.80958816,44.61396921,48.68822581,53.2591859,59.12089658,62.47174876,65.02082403
Portugal,0,0.100013928,0.250730833,0.452217023,0.724185184,1.508423207,3.013829301,5.011980311,9.99034618,14.91874677,16.60781065,18.23958831,19.47247505,29.74028281,31.79296078,34.9708921,37.985889,39.6188833,41.94811883,46.60799214,51.2836312,55.57378621
Puerto Rico,0,,,,0.027400726,0.135781947,0.268710333,1.332257193,2.650404892,5.270245683,10.48495077,15.6237155,17.49783662,19.59054282,21.9311967,23.15893213,25.22767756,27.73045046,37.98095385,41.6460773,45.62899289,48.50290906
Qatar,0,,,,,0.190209535,0.930185833,3.083749186,3.52002985,4.070728915,4.863679179,6.170268561,10.22612893,19.24233642,20.70164785,24.73349378,28.97411271,37,44.3,53.1,81.6,86.2
Reunion,,,,,,,,,,,,,,,,,,,,,,
Romania,0,,,0.003733426,0.026392708,0.074941799,0.221116883,0.443696312,2.224248934,2.674850335,3.573255456,4.532114281,6.642667618,8.975030615,15.11093485,21.63652475,24.79423276,28.42873181,32.53441082,36.69681099,40.02009301,44.11568536
Russia,0,,0.000673476,0.013485769,0.054009895,0.148708662,0.271063844,0.475645661,0.817448409,1.025794084,1.983372736,2.948647908,4.134521083,8.314989062,12.90027873,15.30040359,18.15102886,24.86729897,27.05928829,29.23584146,43.31455082,49.31263436
Rwanda,0,,,,,,0.000883372,0.001625791,0.011763573,0.067176482,0.06283146,0.24067241,0.292784719,0.356918467,0.430854243,0.556041165,,2.115387178,4.5,7.7,8,7
St. Barthélemy,,,,,,,,,,,,,,,,,,,,,,
St. Helena,,,,,,,,,,,,,,,,,,,,,,
St. Kitts and Nevis,0,,,,,,2.080955205,2.456031482,3.74026839,4.735627372,6.100706415,7.812434268,21.42273012,23.56628073,24.73767754,34,49,52,60,69,76,
St. Lucia,0,,,,,0.309082365,0.679401751,1.001535568,1.315466535,1.950973949,5.126770281,8.23171261,14.76678543,21.16993361,21.55287682,21.69161,24.59055695,27.97541078,32.05504576,36.01837907,40.06137931,42.0105
St. Martin,,,,,,,,,,,,,,,,,,,,,,
St. Vincent and the Grenadines,0,,,,,0.128634622,0.483248317,0.926371957,1.853997683,2.7820023,3.245037411,5.094809778,5.54959488,6.462274167,7.371165842,9.198278082,12,16,21,31,38.5,43.01
St.-Pierre-et-Miquelon,,,,,,,,,,,,,,,,,,,,,,
Samoa,0,,,,,,,0.174571863,0.230359015,0.285308333,0.566392533,1.689902831,2.244832676,2.799630449,3.07552941,3.352592112,4.469173873,4.749983235,5.031615316,6,7,
San Marino,0,,,,,1.362132711,1.428075186,1.41854848,1.408557941,42.80331575,48.79949531,50.34166909,50.83483994,50.00345304,50.56634304,50.2595642,50.20865936,50.36482211,54.52,54.21,,49.6
Sao Tome and Principe,0,,,,,,,,0.295847047,0.363203161,4.638516816,6.310917888,7.580665169,10.16184431,13.32285269,13.75948422,14.18201978,14.5904832,15.48,16.41,18.75,20.1612
Saudi Arabia,0,,,,,0.010956134,0.026732651,0.052099031,0.101429893,0.49358534,2.210691809,4.681053166,6.38470502,8.001582891,10.234533,12.70503599,19.45955435,30,36,38,41,47.5
Senegal,0,,,,,0.000692848,0.011238219,0.027347441,0.079871379,0.311090952,0.403967486,0.983794059,1.006454537,2.10143643,4.38602398,4.786684083,5.611738652,7.7,10.6,14.5,16,17.5
Serbia,,,,,,,,,,,,,,,31.1589653,28.70783781,29.73058752,36.36576034,39.25871753,42.23832282,45.55881537,47.19296149
Serbia and Montenegro,,,,,,,,,,,,,,,,,,,,,,
Serbia excluding Kosovo,,,,,,,,,,,,,,,,,,,,,,
Seychelles,0,,,,,,0.643605477,1.264969094,2.467000767,6.027642759,7.172660047,10.80240273,13.78122265,14.39159303,24.31068044,25.60118532,34.82430972,38.35382146,39.79449285,,40.99668304,43.60518074
Sierra Leone,0,,,0,0,0,0.002506116,0.004987835,0.014805065,0.048490656,0.118254246,0.160264445,0.176198957,0.190173282,0.203007681,0.21539161,0.227669467,0.239834699,0.25,0.26,,
Singapore,0,0.159668763,0.465530877,0.757270506,1.173586096,2.838503974,8.135760868,13.02691853,18.76299339,23.45978207,35.02937014,40.08896306,45.38175263,53.46177899,61.90265582,61.00284566,59.11467828,67.94507954,68.04209282,68.41958156,71.13591073,75.06124486
Slovak Republic,0,,,0.12807441,0.318952707,0.52388296,0.784375534,1.174820469,2.692819689,5.443129367,9.455011607,12.59395334,40.357197,43.27661728,53.17399285,55.4819322,56.39946844,62.18536562,66.47364349,70.43119335,76.15644383,74.87106781
Slovenia,0,,,0.40166011,1.055577761,2.864505858,5.028554318,7.552926567,10.09252809,12.60669672,15.08352502,30.12024123,27.79406751,31.8339314,40.82935245,46.84767312,54.01094194,56.57757821,57.90978551,63.50959886,69.35408524,71.40392982
Solomon Islands,0,,,,,0.02487191,0.268683585,0.391923246,0.508292797,0.494541498,0.481296806,0.468551964,0.501919843,0.555609882,0.649672673,0.844307573,1.646347989,2,3,4,5,6
Somalia,0,,,,,0,0.00150955,0.002948713,0.00716442,0.013910394,0.02,0.079039179,0.115614213,0.376198003,1.053454744,1.077327839,1.100216368,1.122235622,1.142687372,1.160610542,,1.25
Somaliland,,,,,,,,,,,,,,,,,,,,,,
South Africa,0,0.013933413,0.040936028,0.120229818,0.261473625,0.71622353,0.88767041,1.709750005,3.018346507,4.23265533,5.440990138,6.4144299,6.78137229,7.085929465,8.52656707,7.582837445,7.702759828,8.163177952,8.520936254,10.08745979,18.05095499,20.94737044
South Ossetia,,,,,,,,,,,,,,,,,,,,,,
Spain,0.012886396,0.025712694,0.076882019,0.127735127,0.280238016,0.381185686,1.333241454,2.805177933,4.363311726,7.089057571,13.63350229,18.16945887,20.41504851,39.96353569,44.05165064,47.87701896,50.25747585,54.77284732,59.06431098,62.0323561,65.8085951,67.92150756
Sri Lanka,0,,,,0.002796165,0.00551271,0.05447815,0.161241838,0.292029764,0.3402619,0.63531332,0.799092078,1.062252994,1.473555761,1.459226689,1.810158472,2.563643333,3.925166112,5.873672365,8.874086394,12.12024345,15.12678662
Sudan,0,,,,0,0,0,0.001231819,0.004805071,0.008794581,0.025785032,0.140185224,0.439477639,0.538471703,0.791561615,1.292040678,8.092033734,8.66,10.16,,,
Suriname,0,,,,,0.114720735,0.226306297,1.003086936,1.670148436,1.891871357,2.506411052,3.064448389,4.161568745,4.719875395,6.076047814,6.403086288,9.499626942,14.11,21.06,31.36,31.59,32
Svalbard,,,,,,,,,,,,,,,,,,,,,,
Swaziland,0,,,,,0.00103175,0.050399009,0.088545986,0.098059931,0.488768247,0.974797312,1.361328625,1.940469619,2.614694822,3.480959955,4.014846856,4.055199112,4.553788445,7.637392113,10.00950092,12.40547968,20.43165813
Sweden,0.584191657,1.160432455,1.49970134,1.720367003,3.416397907,5.098030019,9.05016995,23.74906276,33.47384966,41.40758542,45.62608381,51.65546456,70.38713389,78.92827577,83.74480322,84.82786741,87.85859887,82.12906929,90.16824415,91.12326108,90.0149806,90.88204559
Switzerland,0.592007952,1.169566424,1.736257531,2.152589367,2.707338476,3.540915839,4.542652624,15.10335915,24.81027927,33.96549072,46.99286172,54.93334771,61.14901425,64.81682967,67.53948432,69.89161667,75.54236782,76.89836134,78.42877172,80.01265192,82.16505353,82.98773087
Syria,0,0,0,0,0,0,0,0.032607814,0.063687286,0.124295462,0.18169858,0.35375913,2.093101019,3.397972614,4.321593778,5.648106049,7.857380269,,14.04026739,17.3134951,20.66355082,22.44134742
Taiwan,,,,,,,,,,,,,,,,,,,,,,
Tajikistan,0,,,,,,,,,0.032791858,0.048599595,0.051259133,0.055462827,0.064583777,0.077479907,0.298690024,3.772406207,7.197619518,8.78,10.07,11.55,13.03
Tanzania,0,,,,,,0.001622155,0.007900283,0.009244125,0.075130889,0.11719444,0.171300351,0.222484414,0.676962857,0.877574971,4.3,5.8,7.2,9,10,11,12
Thailand,0,5.22334E-05,0.000343725,0.013580966,0.038614321,0.074825338,0.115472136,0.360522185,1.091218985,2.426242432,3.689041279,5.556326121,7.531250335,9.299027238,10.67730332,15.02600436,17.16071472,20.03,18.2,20.1,22.4,23.7
Timor-Leste,0,,,,,,,,,,,,0,,,0.101775898,0.119402805,0.142945067,0.16415625,0.183551978,0.206664452,0.883126339
Togo,0,0,0,0,0,0,0.010929139,0.211139465,0.305583935,0.590363264,0.8,0.9,1,1.2,1.5,1.8,2,2.2,2.4,2.6,3,3.5
Tokelau,,,,,,,,,,,,,,,,,,,,,,
Tonga,0,,,,,0.12323112,0.163793456,0.510866122,0.765134358,1.01796712,2.434398044,2.825371839,2.907297316,2.985817368,3.952373895,4.907782762,5.853944095,7.179865329,8.110769944,10,16,25
Transnistria,,,,,,,,,,,,,,,,,,,,,,
Trinidad and Tobago,0,,,,,0.158149899,0.393080525,1.173174658,2.724825339,5.814250962,7.721411474,15.38462722,21.99867548,25.97176411,27.02427008,28.97671243,30.00374858,32.3,34.8,44.3,48.5,55.2
Tunisia,0,,,,0.00737391,0.011164495,0.02750633,0.043410003,0.107154134,1.58665725,2.719853824,4.241474813,5.17356155,6.413257503,8.427156999,9.542558429,12.84527495,16.94157444,27.31257513,33.82683074,36.56220637,38.80788742
Turkey,0,,,0.008457732,0.049869182,0.081691205,0.192724936,0.473695432,0.698805129,2.292117685,3.761685035,5.189481461,11.38,12.33,14.58,15.46,18.24,28.63,34.37,36.4,39.82,42.1
Turkmenistan,0,,,,,,,,,0.04502077,0.133282183,0.175209518,0.302132016,0.425182632,0.754053983,0.997256559,1.319573118,1.406360688,1.75,1.95,3,5
Turks and Caicos Islands,,,,,,,,,,,,,,,,,,,,,,
Tuvalu,0,,,,,,,,,,5.241639585,,,,,,,10,15,20,25,30
Uganda,0,,,,,0.002863471,0.004625948,0.010319341,0.065289465,0.10554394,0.163714063,0.237945087,0.384093505,0.46484984,0.71997068,1.742205503,2.529363038,3.671965351,7.9,9.78,12.5,13.01354333
Ukraine,0,,,0.000767551,0.013498423,0.042757313,0.098032298,0.19783447,0.299371706,0.402878023,0.712046852,1.232764774,1.867271189,3.136955947,3.476509521,3.735338316,4.487252345,6.51800412,10.93659987,17.76851342,23.08545685,30.2545942
United Arab Emirates,0,,,,,0.102939175,0.375393534,3.295592694,6.908302986,14.94269899,23.62530088,26.2717542,28.31648531,29.47795341,30.13129617,40,52,61,63,64,68,70
United Kingdom,0.087304793,0.174063236,0.260366482,0.519429037,1.036122818,1.894455542,4.122935802,7.385629066,13.67018994,21.28962755,26.8133757,33.47495977,56.49348266,64.86144736,65.63621644,69.9749171,68.75470828,74.9785125,78.23268889,77.79971962,77.75462928,81.70733772
United States,0.796410628,1.176189103,1.736045578,2.279401619,4.869119182,9.238674204,16.41933053,21.615318,30.10760446,35.88213093,43.13014069,49.18000685,58.95751701,61.94868178,65.03644256,68.26789985,69.20484774,75.26226292,74.21781837,71.21181627,74.24740664,78.23621919
Uruguay,0,,,,0.062474386,0.310128582,1.853715884,3.376790254,7.022250618,10.02877517,10.59722669,11.17674835,11.47763645,16.03161712,17.16457052,20.19031612,29.51517964,34.11888062,39.44044757,41.95561885,46.5686753,51.57414625
USSR,,,,,,,,,,,,,,,,,,,,,,
Uzbekistan,0,,,,,0.001536098,0.004307667,0.010574654,0.020820389,0.030887455,0.486807516,0.599438344,1.08207794,1.906744818,2.578060219,3.315452107,6.322126109,7.389077547,8.916912779,16.66545532,19.21736409,28.572794
Wallis et Futuna,,,,,,,,,,,,,,,,,,,,,,
Vanuatu,0,,,,,,0.056845636,0.139505815,0.274185942,0.538300048,2.108336891,2.830572239,3.510038711,3.903295845,4.746602619,5.082333808,5.850585059,6.8,7.269119923,7.5,8,
Venezuela,0,,0.012068234,0.041552957,0.055452734,0.122169988,0.248230218,0.391014167,1.384660603,2.842111834,3.364752597,4.64455429,4.920831084,7.51818989,8.427950124,12.59414786,15.27975103,20.91369517,25.99347456,32.85657959,37.55903642,40.43827297
West Bank and Gaza,0,,,,,,,,,,1.183223069,1.939878166,3.230850875,4.235793399,4.440377019,15.91941191,18.09407765,20.60171729,23.67273319,32.31917086,43.4392451,56.81903268
West Germany,,,,,,,,,,,,,,,,,,,,,,
Western Sahara,,,,,,,,,,,,,,,,,,,,,,
Vietnam,0,,,,,,0.000138426,0.004078646,0.01334963,0.131105043,0.257939664,1.281889036,1.877433223,3.822968065,7.719857292,12.85862486,17.41249606,20.94923209,24.15312715,26.82041433,30.9746472,35.4500831
Virgin Islands (U.S.),0,,,,0.931380562,2.781193152,4.62366878,6.91938405,9.210891905,11.04605157,13.79880342,18.37238646,27.49695659,27.42253915,27.35622937,27.28543903,27.24246718,27.23253572,27.23596985,27.2485607,,
North Yemen (former),,,,,,,,,,,,,,,,,,,,,,
South Yemen (former),,,,,,,,,,,,,,,,,,,,,,
Yemen,0,,,,,,0.000621081,0.015025295,0.023323243,0.056628675,0.082500387,0.090802459,0.518796032,0.6047341,0.881222989,1.048597934,1.247824049,5.01,6.89,9.96,12.35,14.905
Yugoslavia,,,,,,,,,,,,,,,,,,,,,,
Zambia,0,,,,0.006776105,0.008783623,0.009069176,0.009329658,0.030226183,0.147053172,0.191071643,0.233129556,0.477750907,0.980483039,2.013549532,2.851752261,4.159913394,4.87,5.55,6.31,10.12544938,11.5
Zimbabwe,0,,,,0.00173928,0.00768354,0.016790484,0.033080327,0.081648476,0.161675528,0.401433535,0.799846046,3.994356135,6.394786458,6.564045027,8.015978089,9.791841502,10.85,11.4,11.36,11.5,15.7
Åland,,,,,,,,,,,,,,,,,,,,,,
South Sudan,,,,,,,,,,,,,,,,,,,,,,
Christian,,,,,,,,,,,,,,,,,,,,,,
Coastline,,,,,,,,,,,,,,,,,,,,,,
Curaçao,,,,,,,,,,,,,,,,,,,,,,
Sint Maarten (Dutch part),,,,,,,,,,,,,,,,,,,,,,
St. Martin (French part),,,,,,,,,,,,,,,,,,,,,,
Antarctica,,,,,,,,,,,,,,,,,,,,,,
"Virgin Islands, British",,,,,,,,,,,,,,,,,,,,,,
Hawaiian Trade Zone,,,,,,,,,,,,,,,,,,,,,,
U.S. Pacific Islands,,,,,,,,,,,,,,,,,,,,,,
Wake Island,,,,,,,,,,,,,,,,,,,,,,
Bonaire,,,,,,,,,,,,,,,,,,,,,,
Sark,,,,,,,,,,,,,,,,,,,,,,
Chinese Taipei,,,,,,,,,,,,,,,,,,,,,,
Saint Eustatius,,,,,,,,,,,,,,,,,,,,,,
Saba,,,,,,,,,,,,,,,,,,,,,,
